<?xml version="1.0" encoding="utf-8" standalone="yes" ?>
<!-- bktrans="true" alpha="100" -->
<Window size="350,200" mininfo="350,200" maxinfo="350,200" bktrans="true" caption="0,0,0,30" >
    <Font id="0" name="宋体" size="12" />
    <Font id="1" name="宋体" size="13" />
    <!--  bkcolor="#FFFFFFFF" inset="3,3,3,3" bordersize="1" bordercolor="#FF979797" borderround="3,3"-->
    <HorizontalLayout  width="350" height="200" bkimage="file='corner.png' corner='15,15,20,15'" >
        <VerticalLayout width="10" />
        <VerticalLayout enabled="true" height="200" >
            <HorizontalLayout height="30">
                <VerticalLayout  width="200">
                    <Label text="关于催单助手" font="0" height="30" width="200"  valign="vcenter" />
                </VerticalLayout>
                <VerticalLayout></VerticalLayout>
                <VerticalLayout  width="30">
                    <Button  bkimage="file='close.png'  dest='5,5,25,25'" name="closebtn" width="30" height="30"  />
                </VerticalLayout>
            </HorizontalLayout>
            <HorizontalLayout>
                <VerticalLayout width="120" childvalign="vcenter">
                    <VerticalLayout />
                    <VerticalLayout height="90" width="90">
                        <Control float="true" enable="false" bkimage="file='logo.png'" enabled="true" width="90" height="90" />
                    </VerticalLayout>
                    <VerticalLayout />
                </VerticalLayout>
                <VerticalLayout>
                    <VerticalLayout></VerticalLayout>
                    <VerticalLayout height="25">
                        <Label text="版本号： 1.0.0" font="1" width="200" textcolor="#FF000000" valign="vcenter" />
                    </VerticalLayout>
                    <VerticalLayout height="25">
                        <Label text="版权所有，侵权必究" font="1" width="200" valign="vcenter" />
                    </VerticalLayout>
                    <VerticalLayout height="25">
                        <Label text="上海爱用宝科技股份有限公司" font="1" width="200" valign="vcenter" />
                    </VerticalLayout>
                    <VerticalLayout></VerticalLayout>
                </VerticalLayout>
            </HorizontalLayout>
            <HorizontalLayout height="25">
                <Label text="Copyright @ 2018 - 2025 Aiyongbao.All Rights Reserved" valign="vcenter" font="0" width="330" height="25" textpadding="2,0,2,0" valign="vcenter" />
            </HorizontalLayout>
        </VerticalLayout>
        <VerticalLayout width="10" />
    </HorizontalLayout>
</Window>