<?xml version="1.0" encoding="utf-8" standalone="yes" ?>
<!-- bktrans="true" alpha="100" -->
<Window size="350,200" maxinfo="350,200" caption="0,0,0,35" bktrans="true">
    <Font id="0" name="宋体" size="13" />
    <Font id="1" name="宋体" size="12" />
    <Default shared="true" name="CheckBox" value="textcolor=&quot;#FFbac0c5&quot; hottextcolor=&quot;#FF386382&quot; selectedtextcolor=&quot;#FF386382&quot; disabledtextcolor=&quot;#FFbac0c5&quot; textpadding=&quot;20,2,0,0&quot; align=&quot;left&quot; selectedimage=&quot;file='check_box_select.png' dest='0,0,15,15'&quot; normalimage=&quot;file='check_box_normal.png' dest='0,0,15,15'&quot;" />
    <!--VerticalLayout width="350" height="200" bkcolor="#FFFFFFFF" bkimage="file='corner.png' corner='15,15,20,15'"-->
    <!--bkimage="file='corner.png' corner='15,15,20,15'"-->
    <VerticalLayout width="350" height="200"  >
        <!--inset="3,3,3,3" bordersize="1" bordercolor="#FF979797" borderround="4,4"-->
        <VerticalLayout  bkimage="file='corner.png' corner='15,15,20,15'" >
        <!--VerticalLayout bkimage="file='corner.png' corner='15,15,20,15'"-->
            <HorizontalLayout height="32" bottombordersize="2" bordercolor="#FFB8B4BD">
                <VerticalLayout width="15"></VerticalLayout>
                <VerticalLayout width="200">
                    <Label name="titlelabel" text="提示" font="0" height="32" width="200" valign="vcenter" />
                </VerticalLayout>
                <VerticalLayout></VerticalLayout>
                <VerticalLayout width="30">
                    <Button bkimage="file='close.png' dest='5,5,25,25'" name="closebtn" width="32" height="32" valign="vcenter" />
                </VerticalLayout>
                <VerticalLayout width="10"></VerticalLayout>
            </HorizontalLayout>
            <HorizontalLayout>
                <VerticalLayout width="15" childvalign="vcenter"></VerticalLayout>
                <VerticalLayout>
                    <VerticalLayout></VerticalLayout>
                    <VerticalLayout height="25">
                        <Label name="messagelabel" text="退出软件后将无法使用旺旺自动催付功能" font="1" width="300" textcolor="#FF000000" valign="vcenter" />
                    </VerticalLayout>
                    <VerticalLayout></VerticalLayout>
                </VerticalLayout>
            </HorizontalLayout>
            <VerticalLayout height="45">
                <VerticalLayout></VerticalLayout>
                <HorizontalLayout height="30">
                    <VerticalLayout>
                        <VerticalLayout></VerticalLayout>
                        <HorizontalLayout height="25" width="150">
                            <VerticalLayout width="15"></VerticalLayout>
                            <CheckBox width="95" height="15" text="不再提醒" name="notremind" />
                            <VerticalLayout width="5"></VerticalLayout>
                            <!--Label text="不再提醒" font="1" width="20" height="15" width="100" textcolor="#FF000000" valign="vcenter" /-->
                            <VerticalLayout width="15"></VerticalLayout>
                        </HorizontalLayout>
                        <VerticalLayout></VerticalLayout>
                    </VerticalLayout>
                    <HorizontalLayout>
                        <VerticalLayout></VerticalLayout>
                        <Button text="确认" bkimage="file='button.png' corner='10,10,20,10'" textcolor="#FFFFFFFF" name="conformbtn" width="60" height="23" valign="vcenter" />
                        <VerticalLayout></VerticalLayout>
                        <Button text="取消" bkimage="file='button.png' corner='10,10,20,10'" textcolor="#FFFFFFFF" name="cancelbtn" width="60" height="23" valign="vcenter" />
                        <VerticalLayout></VerticalLayout>
                    </HorizontalLayout>
                </HorizontalLayout>
                <VerticalLayout></VerticalLayout>
            </VerticalLayout>
        </VerticalLayout>
    </VerticalLayout>
</Window>