<?xml version="1.0" encoding="utf-8" ?>
<!-- bktrans="true" alpha="100" bkimage="file='bg.png'" -->
<Window size="170,50" maxinfo="170,50" caption="0,0,0,50" bktrans="true">
    <Font id="0" name="楷体" size="16" bold="true" />
    <Font id="1" name="宋体" size="11" bold="true" />
    <Font id="2" name="宋体" size="20" bold="true" />
    <Container width="170" height="50">
        <Container width="170" height="50" name="fullTip" visible="true">
            <VerticalLayout height="50" width="130">
                <VerticalLayout></VerticalLayout>
                <VerticalLayout height="80" bkimage="file='bg.png'" padding="20,0,0,0" width="130" height="40">
                    <VerticalLayout></VerticalLayout>
                    <Label text="今日发送 88 条" name="LabelTodayTip" padding="32,0,0,0" height="15" mouse="false" font="1" valign="right" textcolor="#00F57745" autosize="true" />
                    <VerticalLayout></VerticalLayout>
                    <Label text="累计发送 88 条" name="LabelTotalTip" padding="32,0,0,0" height="15" mouse="false" font="1" valign="right" textcolor="#00F57745" autosize="true"/>
                    <VerticalLayout></VerticalLayout>
                </VerticalLayout>
                <VerticalLayout></VerticalLayout>
            </VerticalLayout>
            <VerticalLayout pos="0,0,0,0" width="50" height="50" visible="true" name="MsgTips">
                <Control float="true" enable="false" bkimage="file='logo_round.png'" enabled="true" width="50" height="50" />
            </VerticalLayout>
        </Container>
        <HorizontalLayout width="50" height="50" name="RightEdgeTip" visible="false">
            <VerticalLayout pos="0,0,0,0" width="50" bkimage="file='half_bg.png'" height="50" visible="true">
                <VerticalLayout></VerticalLayout>
                <Label text="555" name="LabelRightEdge" padding="4,0,0,0" height="15" mouse="false" font="1" valign="right" textcolor="#FFFFFFFF" autosize="true"  valign="vcenter"/>
                <VerticalLayout></VerticalLayout>
            </VerticalLayout>
        </HorizontalLayout>
        <HorizontalLayout width="50" height="50" name="LeftEdgeTip" visible="false">
            <VerticalLayout pos="0,0,0,0" width="50" bkimage="file='half_bg.png'" height="50" visible="true">
                <VerticalLayout></VerticalLayout>
                <Label text="555" name="LabelLeftEdge" padding="27,0,0,0" height="15" mouse="false" font="1" valign="right" textcolor="#FFFFFFFF" autosize="true"  valign="vcenter"  align="center"/>
                <VerticalLayout></VerticalLayout>
            </VerticalLayout>
        </HorizontalLayout>
        <HorizontalLayout width="50" height="50" name="TopEdgeTip" visible="false">
            <VerticalLayout pos="0,0,0,0" width="50" bkimage="file='half_bg.png'" height="50" visible="true">
                <VerticalLayout height="25"></VerticalLayout>
                <VerticalLayout></VerticalLayout>
                <Label text="555" name="LabelTopEdge" height="15" mouse="false" font="1" valign="right" textcolor="#FFFFFFFF" autosize="true"  align="center" />
                <VerticalLayout></VerticalLayout>
            </VerticalLayout>
        </HorizontalLayout>
    </Container>
</Window>