<?xml version="1.0" encoding="utf-8" ?>
<!-- bktrans="true" alpha="100" -->
<Window size="120,130" bktrans="true">
    <Font id="0" name="宋体" size="13" />
    <Font id="1" name="宋体" size="13" bold="true" />
    <VerticalLayout width="120" height="130" bkimage="file='corner.png' corner='15,15,20,15'">
        <List name="list_data" float="true" pos="5,5,-2,-5" width="110" height="120" header="hidden" vscrollbar="false" bkcolor="#FFFFFFFF">
            <ListContainerElement name="menu_Auto" height="30" inset="0,0,2,0">
                <HorizontalLayout>
                    <VerticalLayout width="28" height="30">
                        <VerticalLayout inset="4,4,0,0">
                            <Control name="menu_img_auto" width="20" height="20" />
                        </VerticalLayout>
                    </VerticalLayout>
                    <VerticalLayout width="5"></VerticalLayout>
                    <VerticalLayout>
                        <Label text="开机自启" pos="5,5,0,0" height="30" mouse="false" font="0" width="80" valign="vcenter" />
                    </VerticalLayout>
                </HorizontalLayout>
            </ListContainerElement>
            <ListContainerElement name="menu_Main" height="30" inset="0,0,2,0">
                <HorizontalLayout>
                    <VerticalLayout width="28"  height="30">
                        <VerticalLayout inset="4,4,0,0">
                            <Control  bkimage="file='account.png'"  width="20" height="20" />
                        </VerticalLayout>
                    </VerticalLayout>
                    <VerticalLayout width="5"></VerticalLayout>
                    <VerticalLayout>
                        <Label text="账号列表" pos="5,5,0,0" height="30" mouse="false" font="0" width="80" valign="vcenter" />
                    </VerticalLayout>
                </HorizontalLayout>
            </ListContainerElement>
            <ListContainerElement name="menu_About" height="30" inset="0,0,2,0">
                <HorizontalLayout>
                    <VerticalLayout width="28"  height="30">
                        <VerticalLayout inset="4,4,0,0">
                            <Control bkimage="file='about.png'"  width="20" height="20" />
                        </VerticalLayout>
                    </VerticalLayout>
                    <VerticalLayout width="5"></VerticalLayout>
                    <VerticalLayout>
                        <Label text="关于软件" pos="5,5,0,0" height="30" mouse="false" font="0" width="80" valign="vcenter" />
                    </VerticalLayout>
                </HorizontalLayout>
            </ListContainerElement>
            <ListContainerElement name="menu_Exit" height="30" inset="0,0,2,0">
                <HorizontalLayout>
                    <VerticalLayout width="28"  height="30">
                        <VerticalLayout inset="4,4,0,0">
                            <Control  bkimage="file='exit.png'"  width="20" height="20" />
                        </VerticalLayout>
                    </VerticalLayout>
                    <VerticalLayout width="5"></VerticalLayout>
                    <VerticalLayout>
                        <Label text="退出" pos="5,5,0,0" height="30" mouse="false" font="0" width="80" valign="vcenter" />
                    </VerticalLayout>
                </HorizontalLayout>
            </ListContainerElement>
        </List>
    </VerticalLayout>
</Window>