<?xml version="1.0" encoding="UTF-8"?>
<!-- bktrans="true" alpha="100" -->
<Window size="530,650" caption="0,0,0,30" roundcorner="5,5">
    <Font name="1" size="85" bold="false" italic="false"/>
    <!-- 窗口的初始尺寸(宽800，高600)、窗口的最小尺寸(宽600，高400)、标题栏拖拽区域(高32)、可拖拽边框大小(这里添加sizebox后就可以拖拽边框调整大小了) -->
    
    <VerticalLayout bkcolor="#FFFFFFFF" bkimage="file='corner_main.png' corner='15,15,20,15'">
        <!-- 整个窗口的背景色   bkimage="file='corner_main.png' corner='15,15,20,15'" -->
        <!-- 标题栏区 bkcolor="#FFE6E6DC" bkcolor2="#FF0000A0" bkcolor3="#AAAA00A0" -->
        <VerticalLayout height="35">
            <VerticalLayout />
            <HorizontalLayout height="30">
                <VerticalLayout width="5" />
                <HorizontalLayout>
                    <Control float="true" enable="false" bkimage="file='logo.png'" enabled="true" width="30" height="30" />
                </HorizontalLayout>
                <VerticalLayout /> <!-- 占空位，占据左边所有的空位-->
                <VerticalLayout width="105">
                    <HorizontalLayout>
                        <VerticalLayout />
                        <Button name="renewbtn" normalimage="file='renew.png' dest='5,5,25,25'" width="30" height="30" />
                        <VerticalLayout width="10"/>
                        <Button name="closebtn" width="30" height="30" normalimage="file='close.png' dest='5,5,25,25'" />
                        <VerticalLayout width="10"/>
                    </HorizontalLayout>
                </VerticalLayout>
            </HorizontalLayout>
            <VerticalLayout />
        </VerticalLayout>
        <!-- 客户区 -->
        <HorizontalLayout inset="2,2,2,2">
            <HorizontalLayout>
                <WebBrowserCEF name="mainSetting" />
                <!--Button name="btnHello"  bkcolor="#FFFFFFFF" text="Hello World" Font="0" /-->
            </HorizontalLayout>
        </HorizontalLayout>
    </VerticalLayout>
</Window>